Date,Day,MAX Tem,Min Tem,Max Hum,Min Hum,Temp,Hum,SEWA MIN LOAD(MW),SEWA Peak Load(MW),SEWA Energy/hr.
01-Jan,Friday,28 C,16 C,79%,35%,19 C,50%,652,812,734
02-Jan,Saturday,28 C,14 C,76%,21%,19 C,42%,643,936,802
03-Jan,Sunday,27 C,12 C,74%,25%,20 C,36%,682,949,820
04-Jan,Monday,27 C,12 C,73%,14%,17 C,16%,653,942,801
05-Jan,Tuesday,27 C,10 C,63%,9%,16 C,13%,647,925,786
06-Jan,Wednesday,27 C,11 C,63%,17%,16 C,26%,624,941,786
07-Jan,Thursday,26 C,11 C,58%,23%,20 C,52%,646,924,785
08-Jan,Friday,26 C,10 C,54%,10%,15 C,12%,604,806,706
09-Jan,Saturday,26 C,7 C,58%,16%,15 C,17%,591,918,751
10-Jan,Sunday,26 C,8 C,61%,15%,15 C,13%,611,933,768
11-Jan,Monday,24 C,6 C,77%,19%,15 C,13%,623,921,765
12-Jan,Tuesday,24 C,7 C,78%,27%,16 C,38%,620,912,772
13-Jan,Wednesday,24 C,9 C,77%,30%,16 C,59%,620,935,788
14-Jan,Thursday,24 C,13 C,86%,48%,18 C,77%,665,943,800
15-Jan,Friday,24 C,11 C,94%,53%,17 C,63%,643,837,748
16-Jan,Saturday,24 C,12 C,95%,49%,18 C,59%,627,930,778
17-Jan,Sunday,26 C,13 C,98%,38%,18 C,67%,648,945,796
18-Jan,Monday,12 C,28 C,97%,18%,18 C,24%,648,946,807
19-Jan,Tuesday,26 C,14 C,98%,44%,19 C,73%,669,965,814
20-Jan,Wednesday,27 C,13 C,93%,31%,19 C,99%,674,968,826
21-Jan,Thursday,25 C,13 C,98%,40%,19 C,99%,682,962,821
22-Jan,Friday,23 C,13 C,82%,47%,20 C,41%,645,815,743
23-Jan,Saturday,26 C,11 C,84%,30%,17 C,50%,622,910,770
24-Jan,Sunday,24 C,12 C,69%,29%,18 C,29%,632,918,773
25-Jan,Monday,24 C,12 C,88%,48%,17 C,42%,643,938,787
26-Jan,Tuesday,25 C,13 C,91%,37%,18 C,99%,642,937,789
27-Jan,Wednesday,26 C,14 C,94%,36%,19 C,99%,663,947,809
28-Jan,Thursday,28 C,10 C,95%,11%,19 C,99%,669,951,815
29-Jan,Friday,28 C,10 C,76%,25%,17 C,77%,640,840,751
30-Jan,Saturday,29 C,13 C,78%,24%,19 C,84%,646,947,809
31-Jan,Sunday,25 C,14 C,83%,47%,20 C,31%,687,953,820
01-Feb,Monday,24 C,15 C,86%,46%,21 C,46%,684,942,811
02-Feb,Tuesday,25 C,12 C,89%,40%,17 C,56%,664,954,807
03-Feb,Wednesday,26 C,12 C,92%,37%,18 C,99%,659,954,810
04-Feb,Thursday,28 C,12 C,92%,21%,18 C,99%,681,943,818
05-Feb,Friday,30 C,11 C,56%,23%,17 C,56%,660,834,747
06-Feb,Saturday,29 C,15 C,68%,27%,20 C,50%,662,937,810
07-Feb,Sunday,29 C,16 C,85%,30%,20 C,65%,707,859,823
08-Feb,Monday,26 C,15 C,89%,37%,21 C,55%,708,959,851
09-Feb,Tuesday,26 C,14 C,96%,40%,22 C,56%,734,971,866
10-Feb,Wednesday,29 C,15 C,98%,27%,20 C,75%,728,1008,875
11-Feb,Thursday,27 C,15 C,98%,37%,21 C,99%,743,993,869
12-Feb,Friday,27 C,14 C,98%,24%,18 C,100%,665,856,787
13-Feb,Saturday,25 C,13 C,98%,41%,19 C,71%,631,971,830
14-Feb,Sunday,27 C,12 C,98%,40%,20 C,69%,724,990,855
15-Feb,Monday,29 C,12 C,99%,22%,20 C,69%,717,979,849
16-Feb,Tuesday,30 C,13 C,97%,29%,20 C,66%,719,985,860
17-Feb,Wednesday,33 C,14 C,98%,12%,21 C,73%,744,1015,886
18-Feb,Thursday,33 C,17 C,62%,16%,22 C,80%,770,1024,906
19-Feb,Friday,28 C,18 C,90%,38%,24 C,85%,756,930,864
20-Feb,Saturday,29 C,15 C,95%,38%,23 C,100%,783,1017,913
21-Feb,Sunday,29 C,17 C,95%,30%,23 C,54%,817,1024,924
22-Feb,Monday,30 C,16 C,95%,25%,24 C,62%,820,1069,949
23-Feb,Tuesday,28 C,16 C,80%,36%,21 C,52%,814,1053,945
24-Feb,Wednesday,29 C,17 C,87%,35%,23 C,56%,831,1070,967
25-Feb,Thursday,32 C,19 C,85%,21%,24 C,85%,855,1051,850
26-Feb,Friday,25 C,19 C,83%,45%,23 C,99%,816,982,883
27-Feb,Saturday,24 C,16 C,75%,42%,21 C,80%,759,985,879
28-Feb,Sunday,26 C,14 C,80%,33%,21 C,37%,758,975,878
01-Mar,Monday,28 C,12 C,79%,23%,19 C,39%,733,1006,873
02-Mar,Tuesday,33 C,16 C,76%,21%,21 C,46%,783,1055,940
03-Mar,Wednesday,34 C,19 C,78%,25%,25 C,67%,845,1137,1015
04-Mar,Thursday,34 C,17 C,78%,21%,23 C,79%,862,1169,1036
05-Mar,Friday,38 C,17 C,79%,10%,22 C,60%,827,1147,1001
06-Mar,Saturday,27 C,21 C,83%,42%,23 C,93%,909,1115,1025
07-Mar,Sunday,25 C,18 C,79%,47%,22 C,47%,850,1071,964
08-Mar,Monday,25 C,18 C,82%,37%,21 C,44%,802,1039,936
09-Mar,Tuesday,30 C,12 C,86%,9%,19 C,61%,794,1048,943
10-Mar,Wednesday,31 C,16 C,70%,14%,22 C,9%,828,1075,972
11-Mar,Thursday,31 C,19 C,78%,20%,22 C,86%,850,1119,1002
12-Mar,Friday,38 C,17 C,51%,8%,23 C,39%,822,1112,989
13-Mar,Saturday,34 C,20 C,75%,11%,29 C,28%,947,1223,1092
14-Mar,Sunday,27 C,18 C,82%,51%,22 C,54%,901,1112,1040
15-Mar,Monday,28 C,16 C,88%,37%,21 C,83%,876,1082,1004
16-Mar,Tuesday,32 C,15 C,92%,9%,20 C,64%,829,1071,980
17-Mar,Wednesday,35 C,18 C,73%,9%,22 C,36%,858,1150,1036
18-Mar,Thursday,36 C,18 C,36%,10%,24 C,38%,910,1212,1086
19-Mar,Friday,40 C,20 C,42%,6%,26 C,27%,919,1233,1088
20-Mar,Saturday,35 C,20 C,71%,11%,24 C,86%,976,1310,1164
21-Mar,Sunday,30 C,19 C,73%,11%,25 C,41%,961,1185,1097
22-Mar,Monday,31 C,17 C,62%,25%,25 C,42%,931,1202,1099
23-Mar,Tuesday,32 C,18 C,80%,23%,22 C,16%,894,1204,1084
24-Mar,Wednesday,35 C,17 C,84%,14%,22 C,57%,926,1255,1121
25-Mar,Thursday,38 C,21 C,69%,10%,25 C,51%,952,1341,1176
26-Mar,Friday,36 C,21 C,69%,13%,27 C,50%,1034,1303,1173
27-Mar,Saturday,39 C,20 C,53%,11%,27 C,32%,1000,1429,1251
28-Mar,Sunday,34 C,18 C,79%,16%,26 C,9%,1034,1417,1258
29-Mar,Monday,30 C,21 C,79%,39%,23 C,55%,1010,1312,1202
30-Mar,Tuesday,32 C,21 C,87%,38%,22 C,88%,996,1338,1198
31-Mar,Wednesday,33 C,19 C,89%,34%,22 C,97%,994,1351,1204
01-Apr,Thursday,33 C,17 C,91%,17%,23 C,99%,985,1345,1200
02-Apr,Friday,36 C,19 C,82%,12%,24 C,59%,988,1273,1147
03-Apr,Saturday,38 C,20 C,81%,11%,26 C,51%,992,1403,1231
04-Apr,Sunday,32 C,22 C,86%,30%,25 C,86%,1062,1368,1246
05-Apr,Monday,31 C,20 C,77%,27%,25 C,47%,1002,1305,1182
06-Apr,Tuesday,31 C,19 C,83%,31%,22 C,72%,939,1275,1147
07-Apr,Wednesday,31 C,17 C,90%,38%,22 C,94%,961,1291,1158
08-Apr,Thursday,34 C,17 C,97%,18%,22 C,99%,945,1312,1165
09-Apr,Friday,35 C,16 C,97%,18%,24 C,73%,966,1252,1145
10-Apr,Saturday,39 C,18 C,96%,11%,25 C,57%,1008,1437,1250
11-Apr,Sunday,39 C,24 C,52%,11%,27 C,55%,1074,1517,1332
12-Apr,Monday,38 C,23 C,51%,13%,28 C,19%,1143,1600,1357
13-Apr,Tuesday,40 C,22 C,42%,11%,28 C,37%,1196,1608,1433
14-Apr,Wednesday,40 C,23 C,37%,13%,31 C,48%,1253,1624,1459
15-Apr,Thursday,36 C,25 C,63%,19%,30 C,34%,1265,1598,1464
16-Apr,Friday,32 C,23 C,69%,33%,26 C,45%,1225,1477,1335
17-Apr,Saturday,32 C,22 C,70%,16%,24 C,42%,1129,1386,1293
18-Apr,Sunday,32 C,22 C,67%,14%,24 C,43%,1111,1400,1272
19-Apr,Monday,33 C,19 C,60%,12%,24 C,17%,1076,1391,1259
20-Apr,Tuesday,33 C,20 C,80%,25%,25 C,58%,1113,1437,1332
21-Apr,Wednesday,38 C,20 C,86%,9%,26 C,75%,1147,1563,1379
22-Apr,Thursday,39 C,21 C,73%,9%,26 C,33%,1194,1572,1415
23-Apr,Friday,40 C,21 C,68%,8%,28 C,21%,1223,1522,1381
24-Apr,Saturday,40 C,21 C,68%,6%,27 C,43%,1181,1632,1433
25-Apr,Sunday,40 C,19 C,61%,10%,27 C,22%,1235,1608,1448
26-Apr,Monday,39 C,23 C,37%,12%,28 C,34%,1263,1656,1476
27-Apr,Tuesday,41 C,23 C,43%,8%,30 C,22%,1312,1727,1534
28-Apr,Wednesday,41 C,25 C,41%,11%,30 C,33%,1331,1758,1571
29-Apr,Thursday,39 C,26 C,50%,17%,32 C,17%,1423,1720,1591
30-Apr,Friday,36 C,26 C,65%,25%,30 C,31%,1364,1606,1466
01-May,Saturday,35 C,25 C,78%,22%,29 C,49%,1321,1604,1338
02-May,Sunday,37 C,22 C,84%,32%,28 C,39%,1321,1664,1511
03-May,Monday,38 C,22 C,86%,16%,30 C,34%,1320,1646,1502
04-May,Tuesday,38 C,25 C,70%,25%,30 C,58%,1350,1721,1517
05-May,Wednesday,37 C,26 C,82%,30%,29 C,59%,1335,1691,1337
06-May,Thursday,34 C,25 C,85%,44%,28 C,83%,1359,1703,1543
07-May,Friday,34 C,25 C,85%,44%,28 C,82%,1338,1615,1466
08-May,Saturday,40 C,25 C,87%,16%,29 C,50%,1342,1725,1548
09-May,Sunday,39 C,22 C,70%,12%,29 C,39%,1331,1715,1540
10-May,Monday,35 C,25 C,62%,15%,28 C,53%,1318,1669,1523
11-May,Tuesday,34 C,23 C,881%,25%,27 C,60%,1266,1661,1489
12-May,Wednesday,40 C,24 C,80%,15%,28 C,53%,1334,1659,1518
13-May,Thursday,39 C,24 C,65%,15%,29 C,32%,1210,1659,1481
14-May,Friday,41 C,22 C,75%,7%,28 C,69%,1269,1684,1474
15-May,Saturday,38 C,23 C,82%,22%,31 C,93%,1349,1783,1600
16-May,Sunday,42 C,24 C,77%,8%,29 C,35%,1362,1899,1676
17-May,Monday,39 C,22 C,80%,17%,28 C,45%,1364,1876,1674
18-May,Tuesday,43 C,24 C,90%,9%,30 C,88%,1416,1956,1733
19-May,Wednesday,43 C,26 C,70%,6%,31 C,46%,1436,1997,1766
20-May,Thursday,41 C,25 C,51%,11%,32 C,39%,1455,1991,1361
21-May,Friday,42 C,25 C,69%,12%,32 C,41%,1455,1982,1737
22-May,Saturday,44 C,24 C,60%,4%,31 C,46%,1435,2081,1796
23-May,Sunday,45 C,25 C,57%,4%,32 C,15%,1468,2189,1837
24-May,Monday,44 C,26 C,60%,12%,34 C,2%,1527,2143,1841
25-May,Tuesday,45 C,26 C,60%,9%,33 C,38%,1554,2186,1903
26-May,Wednesday,45 C,26 C,59%,8%,33 C,35%,1570,2148,1917
27-May,Thursday,37 C,29 C,67%,26%,32 C,62%,1597,2080,1865
28-May,Friday,38 C,27 C,86%,33%,30 C,65%,1453,1982,1759
29-May,Saturday,42 C,26 C,84%,18%,30 C,86%,1514,2126,1843
30-May,Sunday,44 C,26 C,61%,8%,32 C,19%,1502,2132,1864
31-May,Monday,46 C,29 C,65%,5%,33 C,38%,1538,2183,1901
01-Jun,Tuesday,43 C,30 C,70%,8%,33 C,37%,1550,2185,1921
02-Jun,Wednesday,41 C,27 C,85%,30%,30 C,68%,1603,2265,1969
03-Jun,Thursday,46 C,26 C,77%,6%,32 C,77%,1585,2261,1962
04-Jun,Friday,44 C,25 C,80%,6%,32 C,70%,1610,2088,1876
05-Jun,Saturday,42 C,26 C,77%,23%,31 C,83%,1578,2261,1929
06-Jun,Sunday,45 C,27 C,74%,20%,31 C,76%,1624,2364,2053
07-Jun,Monday,43 C,31 C,67%,26%,33 C,76%,1714,2311,2045
08-Jun,Tuesday,40 C,30 C,78%,32%,34 C,66%,1706,2298,2036
09-Jun,Wednesday,39 C,30 C,82%,34%,32 C,60%,1714,2278,2015
10-Jun,Thursday,41 C,29 C,77%,20%,32 C,95%,1664,2258,1988
11-Jun,Friday,42 C,29 C,78%,19%,32 C,49%,1640,2105,1875
12-Jun,Saturday,28 C,29 C,79%,40%,32 C,63%,1634,2235,1966
13-Jun,Sunday,43 C,29 C,84%,11%,31 C,60%,1641,2268,1997
14-Jun,Monday,40 C,29 C,85%,24%,32 C,63%,1656,2224,1974
15-Jun,Tuesday,43 C,27 C,90%,11%,31 C,64%,1647,2200,1966
16-Jun,Wednesday,42 C,26 C,76%,10%,30 C,13%,1541,2146,1908
17-Jun,Thursday,40 C,30 C,75%,31%,31 C,88%,1624,2253,1962
18-Jun,Friday,40 C,30 C,75%,31%,31 C,60%,1626,2112,1863
19-Jun,Saturday,40 C,30 C,88%,36%,32 C,60%,1668,2282,2026
20-Jun,Sunday,43 C,29 C,95%,6%,33 C,63%,1729,2367,2067
21-Jun,Monday,46 C,29 C,81%,8%,34 C,38%,1708,2343,2061
22-Jun,Tuesday,46 C,28 C,79%,9%,33 C,44%,1720,2337,2056
23-Jun,Wednesday,46 C,29 C,49%,9%,35 C,59%,1735,2395,2097
24-Jun,Thursday,46 C,28 C,60%,7%,34 C,54%,1764,2389,2086
25-Jun,Friday,45 C,28 C,71%,9%,34 C,44%,1719,2221,1973
26-Jun,Saturday,43 C,28 C,68%,8%,32 C,34%,1669,2284,2009
27-Jun,Sunday,45 C,28 C,66%,10%,34 C,15%,1673,2322,2034
28-Jun,Monday,41 C,31 C,68%,23%,35 C,14%,1775,2306,2069
29-Jun,Tuesday,42 C,30 C,53%,21%,35 C,37%,1764,2304,2050
30-Jun,Wednesday,43 C,29 C,51%,18%,35 C,37%,1728,2285,2053
01-Jul,Thursday,41 C,28 C,56%,18%,34 C,45%,1715,2287,2024
02-Jul,Friday,40 C,29 C,83%,18%,34 C,38%,1686,2230,1963
03-Jul,Saturday,43 C,30 C,72%,14%,35 C,52%,1750,2393,2008
04-Jul,Sunday,45 C,30 C,73%,11%,33 C,45%,1781,2349,2106
05-Jul,Monday,45 C,32 C,69%,24%,34 C,45%,1845,2440,2176
06-Jul,Tuesday,44 C,33 C,68%,26%,31 C,647%,1841,2412,2156
07-Jul,Wednesday,42 C,32 C,67%,24%,35 C,44%,1894,2383,2154
08-Jul,Thursday,42 C,31 C,52%,23%,36 C,52%,1824,2352,2106
09-Jul,Friday,43 C,31 C,72%,18%,36 C,43%,1809,2248,2026
10-Jul,Saturday,44 C,30 C,76%,15%,34 C,67%,1784,2321,1989
11-Jul,Sunday,46 C,31 C,59%,16%,36 C,28%,1898,2412,2020
12-Jul,Monday,44 C,30 C,61%,22%,35 C,37%,1887,2451,2186
13-Jul,Tuesday,44 C,33 C,61%,25%,35 C,37%,1870,2483,2185
14-Jul,Wednesday,43 C,34 C,61%,30%,36 C,36%,1908,2451,2212
15-Jul,Thursday,43 C,34 C,61%,25%,36 C,56%,1880,2409,2164
16-Jul,Friday,34 C,32 C,63%,32%,35 C,60%,1831,2148,1979
17-Jul,Saturday,38 C,32 C,63%,36%,34 C,66%,1763,2214,1983
18-Jul,Sunday,38 C,32 C,72%,41%,33 C,38%,1713,2139,1957
19-Jul,Monday,40 C,32 C,72%,33%,34 C,44%,1743,2219,2007
20-Jul,Tuesday,42 C,31 C,75%,29%,34 C,54%,1645,2096,1943
21-Jul,Wednesday,44 C,33 C,67%,26%,35 C,33%,1770,2206,1969
22-Jul,Thursday,42 C,33 C,50%,22%,35 C,50%,1715,2214,1974
23-Jul,Friday,43 C,33 C,50%,25%,38 C,43%,1786,2247,2028
24-Jul,Saturday,45 C,34 C,62%,19%,37 C,40%,1818,2426,1763
25-Jul,Sunday,43 C,32 C,59%,24%,36 C,31%,1877,2448,2170
26-Jul,Monday,43 C,31 C,53%,22%,37 C,19%,1834,2409,2152
27-Jul,Tuesday,42 C,30 C,63%,23%,35 C,26%,1806,2376,2142
28-Jul,Wednesday,43 C,30 C,63%,16%,35 C,52%,1792,2384,2120
29-Jul,Thursday,43 C,30 C,74%,16%,36 C,43%,1816,2386,2132
30-Jul,Friday,46 C,33 C,76%,19%,35 C,86%,1902,2353,2108
31-Jul,Saturday,43 C,31 C,80%,25%,35 C,88%,1902,2487,2199
01-Aug,Sunday,41 C,29 C,83%,21%,33 C,68%,1850,2378,2144
02-Aug,Monday,42 C,29 C,79%,20%,34 C,12%,1712,2325,2069
03-Aug,Tuesday,42 C,29 C,80%,28%,34 C,46%,1773,2379,2118
04-Aug,Wednesday,41 C,29 C,67%,24%,34 C,77%,1761,2372,2098
05-Aug,Thursday,39 C,30 C,74%,34%,34 C,73%,1777,2354,2099
06-Aug,Friday,40 C,30 C,83%,36%,34 C,79%,1794,2233,2005
07-Aug,Saturday,44 C,31 C,87%,24%,35 C,91%,2124,2429,2161
08-Aug,Sunday,46 C,31 C,91%,16%,34 C,71%,1900,2446,2194
09-Aug,Monday,47 C,51 C,54%,12%,36 C,63%,1810,2441,2162
10-Aug,Tuesday,46 C,31 C,62%,13%,35 C,36%,1874,2416,2170
11-Aug,Wednesday,44 C,30 C,62%,14%,35 C,31%,1825,2386,2094
12-Aug,Thursday,43 C,27 C,89%,14%,34 C,54%,1763,2313,2196
13-Aug,Friday,45 C,30 C,89%,18%,33 C,88%,1789,2279,2023
14-Aug,Saturday,45 C,29 C,82%,17%,33 C,85%,1775,2411,2113
15-Aug,Sunday,42 C,30 C,83%,27%,34 C,85%,1828,2398,2153
16-Aug,Monday,44 C,31 C,85%,20%,34 C,66%,1848,2429,2170
17-Aug,Tuesday,42 C,34 C,67%,32%,33 C,47%,1816,2357,2095
18-Aug,Wednesday,42 C,31 C,66%,31%,33 C,42%,1756,2347,2064
19-Aug,Thursday,42 C,31 C,71%,29%,33 C,40%,1782,2287,2041
20-Aug,Friday,40 C,31 C,71%,31%,33 C,60%,1703,2134,1940
21-Aug,Saturday,41 C,31 C,72%,26%,35 C,53%,1744,2301,2046
22-Aug,Sunday,42 C,30 C,85%,23%,33 C,79%,1788,2317,2070
23-Aug,Monday,49 C,31 C,85%,26%,33 C,84%,1801,2336,2092
24-Aug,Tuesday,42 C,30 C,79%,23%,34 C,64%,1775,2294,2082
25-Aug,Wednesday,46 C,32 C,79%,28%,34 C,60%,1804,2295,2089
26-Aug,Thursday,40 C,31 C,82%,30%,33 C,58%,1803,2361,2118
27-Aug,Friday,44 C,30 C,88%,16%,34 C,44%,1822,2292,2051
28-Aug,Saturday,45 C,29 C,88%,6%,34 C,99%,1795,2384,2110
29-Aug,Sunday,44 C,28 C,65%,8%,35 C,68%,1822,2364,2086
30-Aug,Monday,44 C,29 C,63%,12%,35 C,57%,2098,2345,2079
31-Aug,Tuesday,42 C,28 C,74%,19%,33 C,24%,1716,2265,2022
01-Sep,Wednesday,43 C,28 C,74%,13%,33 C,33%,1719,2269,2018
02-Sep,Thursday,41 C,28 C,73%,19%,32 C,49%,1680,2250,1972
03-Sep,Friday,41 C,29 C,72%,22%,33 C,41%,1700,2112,1908
04-Sep,Saturday,41 C,27 C,64%,16%,32 C,35%,1623,2224,1972
05-Sep,Sunday,43 C,27 C,57%,13%,32 C,34%,1664,2233,1970
06-Sep,Monday,41 C,27 C,86%,15%,33 C,36%,1621,2213,1975
07-Sep,Tuesday,39 C,28 C,91%,33%,32 C,95%,1738,2269,2036
08-Sep,Wednesday,42 C,28 C,89%,23%,32 C,96%,1736,2285,2044
09-Sep,Thursday,43 C,30 C,86%,16%,32 C,88%,1752,2321,2067
10-Sep,Friday,43 C,29 C,88%,17%,34 C,65%,1786,2250,1998
11-Sep,Saturday,43 C,29 C,88%,18%,33 C,67%,1744,2354,2061
12-Sep,Sunday,44 C,28 C,80%,18%,33 C,52%,1731,2330,2063
13-Sep,Monday,44 C,27 C,86%,12%,34 C,64%,1695,2309,2041
14-Sep,Tuesday,40 C,28 C,89%,28%,32 C,99%,1730,2341,2065
15-Sep,Wednesday,43 C,28 C,95%,15%,32 C,99%,1758,2314,2079
16-Sep,Thursday,44 C,27 C,77%,9%,32 C,93%,1685,2238,1996
17-Sep,Friday,39 C,28 C,77%,30%,32 C,60%,1673,2176,1925
18-Sep,Saturday,42 C,27 C,79%,15%,32 C,28%,1600,2198,1960
19-Sep,Sunday,42 C,24 C,83%,16%,32 C,36%,1628,2233,1968
20-Sep,Monday,41 C,27 C,81%,24%,31 C,52%,1649,2176,1961
21-Sep,Tuesday,39 C,30 C,77%,29%,32 C,95%,1673,2203,1970
22-Sep,Wednesday,37 C,29 C,78%,44%,32 C,99%,1666,2155,1940
23-Sep,Thursday,37 C,28 C,74%,35%,31 C,86%,1609,2126,1889
24-Sep,Friday,41 C,27 C,81%,29%,32 C,94%,1611,2118,1844
25-Sep,Saturday,41 C,28 C,83%,14%,33 C,56%,1675,2169,1952
26-Sep,Sunday,39 C,29 C,74%,34%,31 C,53%,1650,2228,1973
27-Sep,Monday,38 C,30 C,77%,34%,32 C,44%,1617,2118,1910
28-Sep,Tuesday,40 C,28 C,83%,27%,32 C,58%,1620,2139,1919
29-Sep,Wednesday,39 C,29 C,78%,28%,32 C,100%,1657,2163,1949
30-Sep,Thursday,40 C,27 C,85%,21%,31 C,92%,1601,2168,1915
01-Oct,Friday,40 C,28 C,88%,16%,31 C,100%,1597,2048,1827
02-Oct,Saturday,40 C,27 C,90%,32%,31 C,100%,1587,2173,1902
03-Oct,Sunday,38 C,30 C,66%,35%,33 C,39%,1645,2018,1850
04-Oct,Monday,36 C,27 C,75%,35%,31 C,39%,1538,1899,1873
05-Oct,Tuesday,38 C,26 C,89%,24%,30 C,44%,1464,1977,1779
06-Oct,Wednesday,39 C,26 C,91%,24%,30 C,73%,1518,2005,1792
07-Oct,Thursday,39 C,23 C,83%,22%,30 C,69%,1403,1979,1739
08-Oct,Friday,37 C,26 C,84%,33%,31 C,56%,1484,1915,1725
09-Oct,Saturday,39 C,26 C,89%,30%,31 C,99%,1505,2087,1834
10-Oct,Sunday,38 C,25 C,87%,37%,31 C,100%,1542,2082,1824
11-Oct,Monday,38 C,23 C,86%,23%,29 C,56%,1477,2188,1751
12-Oct,Tuesday,40 C,22 C,46%,10%,30 C,49%,1343,1900,1659
13-Oct,Wednesday,38 C,21 C,80%,13%,29 C,12%,1326,1849,1643
14-Oct,Thursday,36 C,23 C,80%,15%,29 C,55%,1401,1859,1670
15-Oct,Friday,36 C,23 C,83%,29%,28 C,58%,1358,1765,1585
16-Oct,Saturday,37 C,22 C,91%,22%,29 C,60%,1357,1868,1619
17-Oct,Sunday,40 C,22 C,95%,6%,28 C,70%,1372,1829,1631
18-Oct,Monday,38 C,22 C,80%,9%,28 C,13%,1277,1804,1596
19-Oct,Tuesday,36 C,26 C,83%,37%,29 C,67%,1418,1885,1686
20-Oct,Wednesday,36 C,24 C,87%,32%,28 C,45%,1353,1841,1643
21-Oct,Thursday,35 C,24 C,89%,39%,29 C,68%,1376,1793,1601
22-Oct,Friday,36 C,25 C,76%,28%,28 C,45%,1302,1668,1502
23-Oct,Saturday,35 C,25 C,77%,35%,29 C,44%,1323,1793,1602
24-Oct,Sunday,34 C,24 C,80%,38%,29 C,50%,1346,1786,1540
25-Oct,Monday,35 C,25 C,80%,27%,27 C,59%,1311,1752,1576
26-Oct,Tuesday,35 C,23 C,84%,23%,28 C,59%,1324,1683,1548
27-Oct,Wednesday,34 C,22 C,73%,37%,27 C,35%,1239,1661,1500
28-Oct,Thursday,35 C,21 C,74%,22%,27 C,50%,1261,1625,1473
29-Oct,Friday,35 C,21 C,78%,19%,27 C,50%,1220,1504,1368
30-Oct,Saturday,35 C,19 C,80%,21%,25 C,9%,1109,1540,1394
31-Oct,Sunday,36 C,21 C,83%,16%,26 C,53%,1205,1627,1465
01-Nov,Monday,38 C,21 C,86%,13%,27 C,49%,1202,1669,1173
02-Nov,Tuesday,36 C,21 C,91%,20%,27 C,70%,1242,1670,1502
03-Nov,Wednesday,34 C,21 C,91%,32%,26 C,60%,1205,1633,1471
04-Nov,Thursday,34 C,21 C,95%,22%,26 C,74%,1208,1556,1427
05-Nov,Friday,33 C,21 C,91%,36%,26 C,63%,1169,1462,1371
06-Nov,Saturday,32 C,21 C,81%,42%,26 C,52%,1157,1517,1383
07-Nov,Sunday,33 C,20 C,78%,18%,26 C,51%,1182,1452,1362
08-Nov,Monday,33 C,18 C,70%,24%,24 C,39%,1107,1418,1270
09-Nov,Tuesday,31 C,17 C,69%,36%,24 C,32%,1053,1387,1259
10-Nov,Wednesday,31 C,18 C,70%,28%,26 C,29%,1067,1362,1259
11-Nov,Thursday,31 C,17 C,68%,25%,24 C,26%,1035,1378,1230
12-Nov,Friday,33 C,17 C,71%,16%,23 C,31%,985,1236,1145
13-Nov,Saturday,31 C,18 C,72%,37%,24 C,33%,981,1413,1253
14-Nov,Sunday,31 C,20 C,86%,35%,26 C,47%,1107,1415,1279
15-Nov,Monday,34 C,17 C,85%,18%,23 C,49%,1058,1372,1242
16-Nov,Tuesday,32 C,18 C,68%,28%,23 C,24%,1002,1327,1211
17-Nov,Wednesday,32 C,19 C,78%,26%,24 C,38%,1037,1268,1241
18-Nov,Thursday,32 C,20 C,81%,34%,25 C,48%,1075,1361,1238
19-Nov,Friday,30 C,19 C,71%,35%,24 C,38%,973,1228,1124
20-Nov,Saturday,30 C,17 C,77%,30%,23 C,43%,960,1285,1160
21-Nov,Sunday,33 C,18 C,85%,22%,23 C,48%,1001,1318,1193
22-Nov,Monday,35 C,17 C,77%,13%,23 C,29%,976,1309,1274
23-Nov,Tuesday,33 C,18 C,82%,25%,23 C,51%,1001,1358,1215
24-Nov,Wednesday,31 C,21 C,82%,32%,25 C,60%,1064,1393,1265
25-Nov,Thursday,30 C,18 C,79%,39%,24 C,47%,1042,1334,1220
26-Nov,Friday,30 C,17 C,84%,26%,23 C,53%,1334,1201,1116
27-Nov,Saturday,31 C,17 C,84%,38%,23 C,53%,961,1336,1192
28-Nov,Sunday,30 C,22 C,86%,44%,24 C,66%,1042,1357,1238
29-Nov,Monday,29 C,19 C,71%,39%,23 C,45%,993,1241,1156
30-Nov,Tuesday,30 C,19 C,72%,33%,24 C,41%,987,1241,1116
01-Dec,Wednesday,31 C,17 C,82%,23%,22 C,50%,903,1146,1062
02-Dec,Thursday,30 C,15 C,82%,29%,22 C,45%,871,1061,990
03-Dec,Friday,30 C,18 C,74%,22%,22 C,43%,841,1062,984
04-Dec,Saturday,27 C,18 C,76%,38%,25 C,36%,913,1124,1047
05-Dec,Sunday,28 C,17 C,78%,37%,20 C,42%,876,1154,1046
06-Dec,Monday,28 C,16 C,86%,41%,21 C,56%,894,1138,1041
07-Dec,Tuesday,27 C,16 C,88%,40%,21 C,42%,859,1119,1007
08-Dec,Wednesday,29 C,13 C,89%,21%,21 C,60%,865,1110,1011
09-Dec,Thursday,30 C,12 C,69%,11%,18 C,30%,829,1110,983
10-Dec,Friday,29 C,13 C,67%,13%,20 C,28%,787,983,920
11-Dec,Saturday,27 C,14 C,70%,36%,20 C,39%,786,1089,969
12-Dec,Sunday,27 C,16 C,78%,45%,22 C,42%,846,1098,991
13-Dec,Monday,18 C,12 C,87%,30%,20 C,55%,829,1090,979
14-Dec,Tuesday,29 C,12 C,69%,22%,18 C,32%,797,1076,942
15-Dec,Wednesday,27 C,13 C,74%,21%,20 C,35%,813,1078,959
16-Dec,Thursday,28 C,14 C,76%,28%,20 C,43%,826,1077,930
17-Dec,Friday,28 C,15 C,80%,30%,21 C,46%,792,962,897
18-Dec,Saturday,28 C,16 C,82%,31%,21 C,50%,804,1069,954
19-Dec,Sunday,28 C,14 C,86%,36%,20 C,53%,816,1088,975
20-Dec,Monday,28 C,15 C,86%,34%,20 C,54%,822,1086,964
21-Dec,Tuesday,29 C,15 C,86%,30%,21 C,55%,819,1110,969
22-Dec,Wednesday,28 C,17 C,79%,39%,21 C,50%,838,1129,998
23-Dec,Thursday,28 C,17 C,77%,39%,21 C,50%,847,1102,990
24-Dec,Friday,28 C,18 C,76%,40%,21 C,47%,797,995,925
25-Dec,Saturday,27 C,19 C,77%,49%,21 C,53%,813,1098,979
26-Dec,Sunday,27 C,20 C,74%,43%,24 C,40%,877,1098,998
27-Dec,Monday,26 C,17 C,78%,35%,24 C,32%,862,1079,982
28-Dec,Tuesday,26 C,15 C,83%,40%,20 C,57%,817,1065,963
29-Dec,Wednesday,,,,,20 C,53%,822,1060,120
30-Dec,Thursday,,,,,,,,0,
31-Dec,Friday,,,,,,,,0,
